<?xml version="1.0" encoding="utf-8" standalone="no"?>
<toc label="ECL Programmers Guide" topic="index.html">
   <topic label="ECL Programming Concepts" href="ECL_Programming_Concepts.html">
      <topic label="Attribute Creation" href="Attribute_Creation.html">
         <topic label="Similarities and Differences" href="Similarities_and_Differences.html"/>
         <topic label="“Atomic” Programming" href="Atomic_Programming.html"/>
         <topic label="Growing Solutions" href="Growing_Solutions.html"/>
         <topic label="“Ugly” ECL is Possible, Too" href="Ugly_ECL_is_Possible_Too.html"/>
         <topic label="Easy Optimization" href="Easy_Optimization.html"/>
      </topic>
      <topic label="Creating Example Data" href="Creating_Example_Data.html">
         <topic label="Getting Code Files" href="Getting_Code_Files.html"/>
         <topic label="Generating Files" href="Generating_Files.html"/>
         <topic label="Some Constants" href="Some_Constants.html"/>
         <topic label="The RECORD Structures" href="The_RECORD_Structures.html"/>
         <topic label="Starting Point Data" href="Starting_Point_Data.html"/>
         <topic label="Generating Parent Records" href="Generating_Parent_Records.html"/>
         <topic label="Generating Child Records" href="Generating_Child_Records.html"/>
         <topic label="Create the Nested Child Dataset Records" href="Create_the_Nested_Child-Dataset_Records.html"/>
         <topic label="Write Files to Disk" href="Write_Files_to_Disk.html"/>
         <topic label="Defining the Files" href="Adding_the_Files-to_the_Repository.html"/>
      </topic>
      <topic label="Cross-Tab Reports" href="Cross-Tab_Reports.html">
         <topic label="A Simple CrossTab" href="A_Simple_Crosstab.html"/>
         <topic label="A More Complex Example" href="A_More_Complex_Example.html"/>
         <topic label="A Statistical Example" href="A_Statistical_Example.html"/>
      </topic>
      <topic label="Efficient Value Type Usage" href="Efficient_Value_Type_Usage.html">
         <topic label="Numeric Data Type Selection" href="Numeric_Data_Type_Selection.html">
            <topic label="Integer Data" href="EfficientValue_IntegerData.html"/>
            <topic label="Floating Point Data" href="EfficientValue_FloatingPoint.html"/>
         </topic>
         <topic label="String Data Type Selection" href="String_Data_Type_Selection.html">
            <topic label="STRING vs. VARSTRING" href="String_Data_String_vs_Varstring.html"/>
            <topic label="STRING vs. QSTRING" href="String_Data_String_vs_QString.html"/>
            <topic label="Fixed Length vs. Variable Length Strings" href="StringData_FixedLength_vs_VariableLength_.html"/>
         </topic>
         <topic label="User-Defined Data Types" href="User-Defined_Data_Types.html">
            <topic label="RECORD Structure" href="EfficientData_RecordStructure.html"/>
            <topic label="TYPE Structure" href="EfficientData_TYPE_Structure.html"/>
            <topic label="TypeDef Attributes" href="EfficientData_TypeDefAttributes.html"/>
         </topic>
      </topic>
      <topic label="Using the GROUP Function" href="Using_the_GROUP_Function.html">
         <topic label="GROUP vs. SORT" href="GROUP_vs_SORT.html"/>
         <topic label="Performance Considerations" href="PG_Performance_Considerations.html"/>
      </topic>
      <topic label="Automated ECL" href="Automated_ECL.html">
         <topic label="Using Text Files" href="Using_Text_Files.html"/>
      </topic>
      <topic label="Job “Failure”" href="Job_Failure.html"/>
      <topic label="Non-Random RANDOM" href="Non-Random_RANDOM.html"/>
      <topic label="Working with XML Data" href="Working_with_XML_Data.html">
         <topic label="Simple XML Data Handling" href="Simple_XML_Data_Handling.html"/>
         <topic label="Complex XML Data Handling" href="Complex_XML_Data_Handling.html"/>
         <topic label="Input with Complex XML Formats" href="Input_with_Complex_XML_Formats.html"/>
         <topic label="Piping to Third-Party Tools" href="Piping_to_Third-Party_Tools.html"/>
      </topic>
      <topic label="Working with BLOBs" href="Working_with_BLOBs.html">
         <topic label="Spraying BLOB Data" href="Spraying_BLOB_Data.html"/>
         <topic label="Working with BLOB Data" href="Working_with_BLOB_Data.html"/>
         <topic label="Despraying BLOB Data" href="Despraying_BLOB_Data.html"/>
      </topic>
      <topic label="Using ECL Keys (INDEX Files)" href="Using_ECL_Keys-INDEX_Files.html">
         <topic label="Simple FETCH" href="Simple_FETCH.html"/>
         <topic label="Full-keyed JOIN" href="Full-keyed_JOIN.html"/>
         <topic label="Half-keyed JOIN" href="Half-keyed_JOIN.html"/>
         <topic label="Payload INDEXes" href="Payload_INDEXes.html"/>
         <topic label="Computed Fields in Payload Keys" href="Computed_Fields_in_Payload_Keys.html"/>
         <topic label="Computed Fields in Search Keys" href="Computed_Fields_in_Search_Keys.html"/>
         <topic label="Using an INDEX like a DATASET" href="Using_an_INDEX_like_a_DATASET.html"/>
      </topic>
   </topic>
   <topic label="Working With SuperFiles" href="WorkingWithSuperFiles.html">
      <topic label="SuperFile Overview" href="SuperFile_Overview.html">
         <topic label="SuperFile Existence Functions" href="SuperFile_Existence_Functions.html"/>
         <topic label="SuperFile Inquiry Functions" href="SuperFile_Inquiry_Functions.html"/>
         <topic label="SuperFile Maintenance Functions" href="SuperFile_Maintenance_Functions.html"/>
         <topic label="SuperFile Transactions" href="SuperFile_Transactions.html"/>
         <topic label="Other Useful Functions" href="Other_Useful_Functions.html"/>
      </topic>
      <topic label="Creating and Maintaining SuperFiles" href="Creating_and_Maintaining_SuperFiles.html">
         <topic label="Creating Data" href="Creating_Data.html"/>
         <topic label="A Simple Example" href="A_Simple_Example.html"/>
         <topic label="Nesting SuperFiles" href="Nesting_SuperFiles.html"/>
         <topic label="Nested SuperFile Example" href="Nested_SuperFile_Example.html"/>
         <topic label="Data Consolidation" href="Data_Consolidation.html"/>
         <topic label="Getting SuperFile Components" href="Getting_SuperFile_Components.html"/>
      </topic>
      <topic label="Indexing into SuperFiles" href="Indexing_into_SuperFiles.html">
         <topic label="SuperFiles vs. SuperKeys" href="SuperFiles_vs_SuperKeys.html"/>
         <topic label="There is a Problem" href="There_is_a_Problem.html"/>
         <topic label="And the Solution Is ..." href="And_the_Solution_Is.html"/>
      </topic>
      <topic label="Using SuperKeys" href="Using_SuperKeys.html">
         <topic label="Building SuperKeys" href="Building_SuperKeys.html"/>
         <topic label="Creating a SuperKey" href="Creating_a_SuperKey.html"/>
         <topic label="Using a SuperKey" href="Using_a_SuperKey.html"/>
         <topic label="Maintaining SuperKeys" href="Maintaining_SuperKeys.html"/>
      </topic>
   </topic>
   <topic label="Working With Roxie" href="ProgGuide_WorkingWithRoxie.html">
      <topic label="Roxie Overview" href="Roxie_Overview.html">
         <topic label="Thor" href="Thor.html"/>
         <topic label="Roxie" href="Roxie.html"/>
         <topic label="hThor" href="Doxie.html"/>
         <topic label="How to Structure Roxie Queries" href="How_to_Structure_Roxie_Queries.html"/>
         <topic label="Testing Queries" href="Testing_Queries_with_Doxie.html"/>
         <topic label="Deploying Queries to Roxie" href="Deploying_Queries_to_Roxie.html"/>
      </topic>
      <topic label="SOAP-enabling Queries" href="SOAP-enabling_Queries.html">
         <topic label="The ECL Key to SOAP" href="The_ECL_Key_to_SOAP.html"/>
         <topic label="Putting It All Together" href="Putting_It_All_Together.html"/>
      </topic>
      <topic label="Complex Roxie Query Techniques" href="Complex_Roxie_Query_Techniques.html">
         <topic label="Key Selection Based on Input" href="Key_Selection_Based_on_Input.html"/>
         <topic label="Keyed Joins" href="PG_Keyed_Joins.html"/>
         <topic label="Limiting Output" href="Limiting_Output.html"/>
      </topic>
      <topic label="SOAPCALL from Thor to Roxie" href="SOAPCALL_from_Thor_to_Roxie.html">
         <topic label="One Record Input, Record Set Return" href="One_Record_Input_Record_Set_Return.html"/>
         <topic label="Record Set Input, Record Set Return" href="Record_Set_Input_Record_Set_Return.html"/>
         <topic label="Performance Considerations: PARALLEL" href="Performance_Considerations_PARALLEL.html"/>
         <topic label="Performance Considerations: MERGE" href="Performance_Considerations_MERGE.html"/>
         <topic label="A Real World Example" href="A_Real_World_Example.html"/>
      </topic>
      <topic label="Controlling Roxie Queries" href="Controlling_Roxie_Queries.html">
         <topic label="How Graphs Execute" href="How_Graphs_Execute.html"/>
         <topic label="ALLNODES vs. THISNODE" href="ALLNODES_vs_THISNODE.html"/>
         <topic label="LOCAL vs. NOLOCAL" href="LOCAL_vs_NOLOCAL.html"/>
         <topic label="NOROOT Indexes" href="NOROOT_Indexes.html"/>
      </topic>
      <topic label="Query Libraries" href="Query_Libraries.html">
         <topic label="Library INTERFACE Definition" href="Library_INTERFACE_Definition.html"/>
         <topic label="Library MODULE Definitions" href="Library_MODULE_Definitions.html"/>
         <topic label="Building an External library" href="Building_an_External_library.html"/>
         <topic label="Using a Query Library" href="Using_a_Query_Library.html">
            <topic label="Internal Libraries" href="RoxieQuery_InternalLibraries.html"/>
            <topic label="External Libraries" href="RoxieQuery_ExternalLibraries.html"/>
         </topic>
         <topic label="Query Library Tips" href="Query_Library_Tips.html"/>
         <topic label="Restrictions" href="Query_Library_Restrictions.html"/>
         <topic label="Notes on the implementation" href="Notes_on_the_implementation.html"/>
         <topic label="Suggested Structure" href="Suggested_Structure.html">
            <topic label="Naming Conventions" href="RoxieQuery_SuggStructure_NamingConventions.html"/>
            <topic label="Use an INTERFACE to define parameters" href="RoxieQuery_SuggStructure_InterfaceToDefineParameters.html"/>
            <topic label="Hide the LIBRARY" href="RoxieQuery_SuggStructure_HideTheLibrary.html"/>
            <topic label="Use MODULE Inheritance" href="RoxieQuery_SuggStructure_UseModuleInheritance.html"/>
         </topic>
      </topic>
      <topic label="Smart Stepping" href="Smart_Stepping.html">
         <topic label="Overview" href="PG_Overview.html"/>
         <topic label="Trailing Field Sorts" href="Trailing_Field_Sorts.html"/>
         <topic label="N-ary JOINs" href="N-ary_JOINs.html"/>
      </topic>
   </topic>
   <topic label="Getting Things Done" href="GettingThingsDone.html">
      <topic label="Cartesian Product of Two Datasets" href="Cartesian_Product_of_Two_Datasets.html"/>
      <topic label="Records Containing Any of a Set of Words" href="Records_Containing_Any_of_a_Set_of_Words.html"/>
      <topic label="Simple Random Samples" href="Simple_Random_Samples.html"/>
      <topic label="Hex String to Decimal String" href="Hex_String_to_Decimal_String.html"/>
   </topic>
   <topic label="Embedded Languages and Data stores" href="EmbeddedLanguages_DataStores.html">
      <topic label="Code Signing, Embedded languages, and Security" href="code-signing.html">
         <topic label="ECLCC Configuration Settings" href="ECLCCOptions.html"/>
         <topic label="Code Signing" href="codesigning.html"/>
      </topic>
   </topic>
</toc>