<?xml version="1.0" encoding="utf-8" standalone="no"?>
<index>
   <entry keyword="">
      <topic href="Primary.html#d0e8542"/>
   </entry>
   <entry keyword="AbortDfuWorkunit">
      <topic href="AbortDfuWorkunit.html#d0e3481"/>
   </entry>
   <entry keyword="AddFileRelationship">
      <topic href="AddFileRelationship.html#d0e2970"/>
   </entry>
   <entry keyword="AddSuperFile">
      <topic href="AddSuperFile.html#d0e1691"/>
   </entry>
   <entry keyword="addWorkunitError">
      <topic href="addWorkunitError.html#d0e11418"/>
   </entry>
   <entry keyword="addWorkunitInformation">
      <topic href="addWorkunitInformation.html#d0e11268"/>
   </entry>
   <entry keyword="addWorkunitWarning">
      <topic href="addWorkunitWarning.html#d0e11343"/>
   </entry>
   <entry keyword="Apply2Cells">
      <topic href="Apply2Cells.html#d0e13252"/>
   </entry>
   <entry keyword="Audit">
      <topic href="Audit.html#d0e11491"/>
   </entry>
   <entry keyword="Audit.Audit">
      <topic href="Audit.html#d0e11488"/>
   </entry>
   <entry keyword="BLAS.Apply2Cells">
      <topic href="Apply2Cells.html#d0e13249"/>
   </entry>
   <entry keyword="BLAS.dasum">
      <topic href="dasum.html#d0e13328"/>
   </entry>
   <entry keyword="BLAS.dasum">
      <topic href="daxpy.html#d0e13398"/>
   </entry>
   <entry keyword="BLAS.dgemm">
      <topic href="dgemm.html#d0e13489"/>
   </entry>
   <entry keyword="BLAS.dgetf2">
      <topic href="dgetf2.html#d0e13592"/>
   </entry>
   <entry keyword="BLAS.dpotf2">
      <topic href="dpotf2.html#d0e13653"/>
   </entry>
   <entry keyword="BLAS.dscal">
      <topic href="dscal.html#d0e13726"/>
   </entry>
   <entry keyword="BLAS.dsyrk">
      <topic href="dsyrk.html#d0e13801"/>
   </entry>
   <entry keyword="BLAS.dsyrk">
      <topic href="dtrsm.html#d0e13898"/>
   </entry>
   <entry keyword="BLAS.extract_diag">
      <topic href="extract_diag.html#d0e14003"/>
   </entry>
   <entry keyword="BLAS.extract_tri">
      <topic href="extract_tri.html#d0e14066"/>
   </entry>
   <entry keyword="BLAS.ICellFunc">
      <topic href="ICellFunc.html#d0e13178"/>
   </entry>
   <entry keyword="BLAS.make_diag">
      <topic href="make_diag.html#d0e14139"/>
   </entry>
   <entry keyword="BLAS.make_vector">
      <topic href="make_vector.html#d0e14200"/>
   </entry>
   <entry keyword="BLAS.trace">
      <topic href="BLASTrace.html#d0e14256"/>
   </entry>
   <entry keyword="BLAS.Types">
      <topic href="BLASTypes.html#d0e13121"/>
   </entry>
   <entry keyword="CleanSpaces">
      <topic href="CleanSpaces.html#d0e5549"/>
   </entry>
   <entry keyword="ClearSuperFile">
      <topic href="ClearSuperFile.html#d0e1924"/>
   </entry>
   <entry keyword="CmdProcess">
      <topic href="CmdProcess.html#d0e11686"/>
   </entry>
   <entry keyword="CompareAtStrength">
      <topic href="CompareAtStrength.html#d0e5616"/>
   </entry>
   <entry keyword="CompareFiles">
      <topic href="CompareFiles.html#d0e70"/>
   </entry>
   <entry keyword="CompareIgnoreCase">
      <topic href="CompareIgnoreCase.html#d0e5742"/>
   </entry>
   <entry keyword="Contains">
      <topic href="Contains.html#d0e5860"/>
   </entry>
   <entry keyword="Copy">
      <topic href="Copy.html#d0e3538"/>
   </entry>
   <entry keyword="CreateExternalDirectory">
      <topic href="CreateExternalDirectory.html#d0e2650"/>
   </entry>
   <entry keyword="CreateSuperFile">
      <topic href="CreateSuperFile.html#d0e1022"/>
   </entry>
   <entry keyword="CurrentDate">
      <topic href="CurrentDate.html#d0e9755"/>
   </entry>
   <entry keyword="CurrentTime">
      <topic href="CurrentTime.html#d0e9797"/>
   </entry>
   <entry keyword="DaliServer">
      <topic href="DaliServer.html#d0e10318"/>
   </entry>
   <entry keyword="dasum">
      <topic href="dasum.html#d0e13331"/>
   </entry>
   <entry keyword="dasum">
      <topic href="daxpy.html#d0e13401"/>
   </entry>
   <entry keyword="Date.AdjustCalendar">
      <topic href="AdjustCalendar.html#d0e10050"/>
   </entry>
   <entry keyword="Date.AdjustDate">
      <topic href="AdjustDate.html#d0e9973"/>
   </entry>
   <entry keyword="Date.Date_rec">
      <topic href="Date_Data_Types.html#d0e8723"/>
   </entry>
   <entry keyword="Date.Date_t">
      <topic href="Date_Data_Types.html#d0e8732"/>
   </entry>
   <entry keyword="Date.DateFromParts">
      <topic href="DateFromParts.html#d0e9158"/>
   </entry>
   <entry keyword="Date.Day">
      <topic href="Day.html#d0e8966"/>
   </entry>
   <entry keyword="Date.Days_t">
      <topic href="Date_Data_Types.html#d0e8741"/>
   </entry>
   <entry keyword="Date.FromGregorianYMD">
      <topic href="FromGregorianYMD.html#d0e9543"/>
   </entry>
   <entry keyword="Date.FromStringToDate">
      <topic href="FromStringToDate.html#d0e9655"/>
   </entry>
   <entry keyword="Date.Hour">
      <topic href="Hour.html#d0e9014"/>
   </entry>
   <entry keyword="Date.IsDateLeapYear">
      <topic href="IsDateLeapYear.html#d0e9338"/>
   </entry>
   <entry keyword="Date.IsLeapYear">
      <topic href="IsLeapYear.html#d0e9290"/>
   </entry>
   <entry keyword="Date.IsValidDate">
      <topic href="IsValidDate.html#d0e9389"/>
   </entry>
   <entry keyword="Date.IsValidGregorianDate">
      <topic href="IsValidGregorianDate.html#d0e9498"/>
   </entry>
   <entry keyword="Date.IsValidTime">
      <topic href="IsValidTime.html#d0e9453"/>
   </entry>
   <entry keyword="Date.Minute">
      <topic href="Minute.html#d0e9062"/>
   </entry>
   <entry keyword="Date.Month">
      <topic href="Month.html#d0e8918"/>
   </entry>
   <entry keyword="Date.Second">
      <topic href="Second.html#d0e9110"/>
   </entry>
   <entry keyword="Date.Time_rec">
      <topic href="Time_Data_Types.html#d0e8784"/>
   </entry>
   <entry keyword="Date.Time_t">
      <topic href="Time_Data_Types.html#d0e8793"/>
   </entry>
   <entry keyword="Date.TimeFromParts">
      <topic href="TimeFromParts.html#d0e9224"/>
   </entry>
   <entry keyword="Date.ToGregorianYMD">
      <topic href="ToGregorianYMD.html#d0e9610"/>
   </entry>
   <entry keyword="Date.Year">
      <topic href="Year.html#d0e8870"/>
   </entry>
   <entry keyword="DateTime_rec">
      <topic href="Time_Data_Types.html#d0e8803"/>
   </entry>
   <entry keyword="DayOfYear">
      <topic href="DayOfYear.html#d0e9835"/>
   </entry>
   <entry keyword="DaysBetween">
      <topic href="DaysBetween.html#d0e9877"/>
   </entry>
   <entry keyword="dbglog">
      <topic href="dbglog.html#d0e11212"/>
   </entry>
   <entry keyword="Debug.GetParseTree">
      <topic href="GetParseTree.html#d0e11813"/>
   </entry>
   <entry keyword="Debug.GetXMLParseTree">
      <topic href="GetXMLParseTree.html#d0e11862"/>
   </entry>
   <entry keyword="Debug.msTick">
      <topic href="msTick.html#d0e11967"/>
   </entry>
   <entry keyword="Debug.Sleep">
      <topic href="Sleep.html#d0e11911"/>
   </entry>
   <entry keyword="DeleteExternalFile">
      <topic href="DeleteExternalFile.html#d0e2593"/>
   </entry>
   <entry keyword="DeleteLogicalFiles">
      <topic href="DeleteLogicalFile.html#d0e242"/>
   </entry>
   <entry keyword="DeleteSuperFile">
      <topic href="DeleteSuperFile.html#d0e1205"/>
   </entry>
   <entry keyword="DeSpray">
      <topic href="DeSpray.html#d0e3852"/>
   </entry>
   <entry keyword="DfuPlusExec">
      <topic href="DfuPlusExec.html#d0e3436"/>
   </entry>
   <entry keyword="dgemm">
      <topic href="dgemm.html#d0e13492"/>
   </entry>
   <entry keyword="dgetf2">
      <topic href="dgetf2.html#d0e13595"/>
   </entry>
   <entry keyword="Double">
      <topic href="Double.html#d0e8658"/>
   </entry>
   <entry keyword="dpotf2">
      <topic href="dpotf2.html#d0e13656"/>
   </entry>
   <entry keyword="dscal">
      <topic href="dscal.html#d0e13729"/>
   </entry>
   <entry keyword="dsyrk">
      <topic href="dsyrk.html#d0e13804"/>
   </entry>
   <entry keyword="dtrsm">
      <topic href="dtrsm.html#d0e13901"/>
   </entry>
   <entry keyword="EditDistance">
      <topic href="EditDistance.html#d0e6002"/>
   </entry>
   <entry keyword="EditDistanceWithinRadius">
      <topic href="EditDistanceWithinRadius.html#d0e6091"/>
   </entry>
   <entry keyword="Email.SendEmail">
      <topic href="SendEmail.html#d0e12015"/>
   </entry>
   <entry keyword="Email.SendEmailAttachData">
      <topic href="SendEmailAttachData.html#d0e12093"/>
   </entry>
   <entry keyword="Email.SendEmailAttachText">
      <topic href="SendEmailAttachText.html#d0e12201"/>
   </entry>
   <entry keyword="EndsWith">
      <topic href="EndsWith.html#d0e6183"/>
   </entry>
   <entry keyword="EqualIgnoreCase">
      <topic href="EqualIgnoreCase.html#d0e6244"/>
   </entry>
   <entry keyword="ExcludeFirstWord">
      <topic href="ExcludeFirstWord.html#d0e6307"/>
   </entry>
   <entry keyword="ExcludeLastWord">
      <topic href="ExcludeLastWord.html#d0e6357"/>
   </entry>
   <entry keyword="ExcludeNthWord">
      <topic href="ExcludeNthWord.html#d0e6407"/>
   </entry>
   <entry keyword="ExternalLogicalFileName">
      <topic href="ExternalLogicalFileName.html#d0e2466"/>
   </entry>
   <entry keyword="Extract">
      <topic href="ExtractMultiple.html#d0e6474"/>
   </entry>
   <entry keyword="extract_diag">
      <topic href="extract_diag.html#d0e14006"/>
   </entry>
   <entry keyword="extract_tri">
      <topic href="extract_tri.html#d0e14069"/>
   </entry>
   <entry keyword="fCopy">
      <topic href="Copy.html#d0e3638"/>
   </entry>
   <entry keyword="fDeSpray">
      <topic href="DeSpray.html#d0e3913"/>
   </entry>
   <entry keyword="File.AbortDfuWorkunit">
      <topic href="AbortDfuWorkunit.html#d0e3478"/>
   </entry>
   <entry keyword="File.AddFileRelationship">
      <topic href="AddFileRelationship.html#d0e2967"/>
   </entry>
   <entry keyword="File.AddSuperFile">
      <topic href="AddSuperFile.html#d0e1688"/>
   </entry>
   <entry keyword="File.ClearSuperFile">
      <topic href="ClearSuperFile.html#d0e1921"/>
   </entry>
   <entry keyword="File.CompareFiles">
      <topic href="CompareFiles.html#d0e67"/>
   </entry>
   <entry keyword="File.Copy">
      <topic href="Copy.html#d0e3535"/>
   </entry>
   <entry keyword="File.CreateExternalDirectory">
      <topic href="CreateExternalDirectory.html#d0e2647"/>
   </entry>
   <entry keyword="File.CreateSuperFile">
      <topic href="CreateSuperFile.html#d0e1019"/>
   </entry>
   <entry keyword="File.DeleteExternalFile">
      <topic href="DeleteExternalFile.html#d0e2590"/>
   </entry>
   <entry keyword="File.DeleteLogicalFiles">
      <topic href="DeleteLogicalFile.html#d0e239"/>
   </entry>
   <entry keyword="File.DeleteSuperFile">
      <topic href="DeleteSuperFile.html#d0e1202"/>
   </entry>
   <entry keyword="File.DeSpray">
      <topic href="DeSpray.html#d0e3849"/>
   </entry>
   <entry keyword="File.DfuPlusExec">
      <topic href="DfuPlusExec.html#d0e3433"/>
   </entry>
   <entry keyword="File.ExternalLogicalFileName">
      <topic href="ExternalLogicalFileName.html#d0e2463"/>
   </entry>
   <entry keyword="File.fCopy">
      <topic href="Copy.html#d0e3635"/>
   </entry>
   <entry keyword="File.fDeSpray">
      <topic href="DeSpray.html#d0e3910"/>
   </entry>
   <entry keyword="File.FileExists">
      <topic href="FileExists.html#d0e405"/>
   </entry>
   <entry keyword="File.FileRelationshipList">
      <topic href="FileRelationshipList.html#d0e3168"/>
   </entry>
   <entry keyword="File.FindSuperFileSubName">
      <topic href="FindSuperFileSubName.html#d0e1584"/>
   </entry>
   <entry keyword="File.FinishSuperFileTransaction">
      <topic href="FinishSuperFileTransaction.html#d0e2407"/>
   </entry>
   <entry keyword="File.fMonitorFile">
      <topic href="MonitorFile.html#d0e10869"/>
   </entry>
   <entry keyword="File.fMonitorLogicalFileName">
      <topic href="MonitorLogicalFileName.html#d0e11071"/>
   </entry>
   <entry keyword="File.fPromoteSuperFileList">
      <topic href="PromoteSuperFileList.html#d0e2266"/>
   </entry>
   <entry keyword="File.fSprayFixed">
      <topic href="SprayFixed.html#d0e4508"/>
   </entry>
   <entry keyword="File.fSprayVariable">
      <topic href="SprayVariable.html#d0e4818"/>
   </entry>
   <entry keyword="File.fSprayXML">
      <topic href="SprayXML.html#d0e5204"/>
   </entry>
   <entry keyword="File.GetColumnMapping">
      <topic href="GetColumnMapping.html#d0e2912"/>
   </entry>
   <entry keyword="File.GetFileDescription">
      <topic href="GetFileDescription.html#d0e559"/>
   </entry>
   <entry keyword="File.GetLogicalFileAttribute">
      <topic href="GetLogicalFileAttribute.html#d0e611"/>
   </entry>
   <entry keyword="File.GetSuperFileSubCount">
      <topic href="GetSuperFileSubCount.html#d0e1276"/>
   </entry>
   <entry keyword="File.GetSuperFileSubName">
      <topic href="GetSuperFileSubName.html#d0e1330"/>
   </entry>
   <entry keyword="File.LogicalFileList">
      <topic href="LogicalFileList.html#d0e296"/>
   </entry>
   <entry keyword="File.LogicalFileSuperOwners">
      <topic href="LogicalFileSuperOwners.html#d0e1408"/>
   </entry>
   <entry keyword="File.LogicalFileSuperSubList">
      <topic href="LogicalFileSuperSubList.html#d0e1470"/>
   </entry>
   <entry keyword="File.MonitorFile">
      <topic href="MonitorFile.html#d0e10815"/>
   </entry>
   <entry keyword="File.MonitorLogicalFileName">
      <topic href="MonitorLogicalFileName.html#d0e11029"/>
   </entry>
   <entry keyword="File.MoveExternalFile">
      <topic href="MoveExternalFile.html#d0e2518"/>
   </entry>
   <entry keyword="File.PromoteSuperFileList">
      <topic href="PromoteSuperFileList.html#d0e2196"/>
   </entry>
   <entry keyword="File.ProtectLogicalFile">
      <topic href="ProtectLogicalFile.html#d0e672"/>
   </entry>
   <entry keyword="File.RemoteDirectory">
      <topic href="RemoteDirectory.html#d0e2704"/>
   </entry>
   <entry keyword="File.RemotePull">
      <topic href="RemotePull.html#d0e4040"/>
   </entry>
   <entry keyword="File.RemoveFileRelationship">
      <topic href="RemoveFileRelationship.html#d0e3302"/>
   </entry>
   <entry keyword="File.RemoveOwnedSubFiles">
      <topic href="RemoveOwnedSubFiles.html#d0e1993"/>
   </entry>
   <entry keyword="File.RemoveSuperFile">
      <topic href="RemoveSuperFile.html#d0e1820"/>
   </entry>
   <entry keyword="File.RenameLogicalFile">
      <topic href="RenameLogicalFile.html#d0e729"/>
   </entry>
   <entry keyword="File.ReplaceSuperFile">
      <topic href="ReplaceSuperFile.html#d0e2124"/>
   </entry>
   <entry keyword="File.Replicate">
      <topic href="Replicate.html#d0e4324"/>
   </entry>
   <entry keyword="File.SetColumnMapping">
      <topic href="SetColumnMapping.html#d0e2810"/>
   </entry>
   <entry keyword="File.SetFileDescription">
      <topic href="SetFileDescription.html#d0e783"/>
   </entry>
   <entry keyword="File.SetReadOnly">
      <topic href="SetReadOnly.html#d0e837"/>
   </entry>
   <entry keyword="File.SprayFixed">
      <topic href="SprayFixed.html#d0e4426"/>
   </entry>
   <entry keyword="File.SprayVariable">
      <topic href="SprayVariable.html#d0e4680"/>
   </entry>
   <entry keyword="File.SprayXML">
      <topic href="SprayXML.html#d0e5086"/>
   </entry>
   <entry keyword="File.StartSuperFileTransaction">
      <topic href="StartSuperFileTransaction.html#d0e1647"/>
   </entry>
   <entry keyword="File.SuperFileContents">
      <topic href="SuperFileContents.html#d0e1510"/>
   </entry>
   <entry keyword="File.SuperFileExists">
      <topic href="SuperFileExists.html#d0e1141"/>
   </entry>
   <entry keyword="File.SwapSuperFile">
      <topic href="SwapSuperFile.html#d0e2061"/>
   </entry>
   <entry keyword="File.VerifyFile">
      <topic href="VerifyFile.html#d0e897"/>
   </entry>
   <entry keyword="File.WaitDfuWorkunit">
      <topic href="WaitDfuWorkunit.html#d0e5418"/>
   </entry>
   <entry keyword="FileExists">
      <topic href="FileExists.html#d0e408"/>
   </entry>
   <entry keyword="FileRelationshipList">
      <topic href="FileRelationshipList.html#d0e3171"/>
   </entry>
   <entry keyword="Filter">
      <topic href="Filter.html#d0e6554"/>
   </entry>
   <entry keyword="FilterOut">
      <topic href="FilterOut.html#d0e6631"/>
   </entry>
   <entry keyword="Find">
      <topic href="Find.html#d0e6711"/>
   </entry>
   <entry keyword="FindCount">
      <topic href="FindCount.html#d0e6844"/>
   </entry>
   <entry keyword="FindReplace">
      <topic href="FindReplace.html#d0e7137"/>
   </entry>
   <entry keyword="FindSuperFileSubName">
      <topic href="FindSuperFileSubName.html#d0e1587"/>
   </entry>
   <entry keyword="FinishSuperFileTransaction">
      <topic href="FinishSuperFileTransaction.html#d0e2410"/>
   </entry>
   <entry keyword="fMonitorFile">
      <topic href="MonitorFile.html#d0e10872"/>
   </entry>
   <entry keyword="fMonitorLogicalFileName">
      <topic href="MonitorLogicalFileName.html#d0e11074"/>
   </entry>
   <entry keyword="ForeignLogicalFileName">
      <topic href="ForeignLogicalFileName.html#d0e483"/>
   </entry>
   <entry keyword="fPromoteSuperFileList">
      <topic href="PromoteSuperFileList.html#d0e2269"/>
   </entry>
   <entry keyword="FromHexPairs">
      <topic href="FromHexPairs.html#d0e7262"/>
   </entry>
   <entry keyword="FromStringToDate">
      <topic href="FromStringToDate.html#d0e9658"/>
   </entry>
   <entry keyword="fSprayFixed">
      <topic href="SprayFixed.html#d0e4511"/>
   </entry>
   <entry keyword="fSprayVariable">
      <topic href="SprayVariable.html#d0e4821"/>
   </entry>
   <entry keyword="fSprayXML">
      <topic href="SprayXML.html#d0e5207"/>
   </entry>
   <entry keyword="GetColumnMapping">
      <topic href="GetColumnMapping.html#d0e2915"/>
   </entry>
   <entry keyword="GetExpandLogicalFileName">
      <topic href="GetExpandLogicalFileName.html#d0e10412"/>
   </entry>
   <entry keyword="GetFileDescription">
      <topic href="GetFileDescription.html#d0e562"/>
   </entry>
   <entry keyword="GetHostName">
      <topic href="GetHostName.html#d0e11563"/>
   </entry>
   <entry keyword="GetLogicalFileAttribute">
      <topic href="GetLogicalFileAttribute.html#d0e614"/>
   </entry>
   <entry keyword="GetParseTree">
      <topic href="GetParseTree.html#d0e11817"/>
   </entry>
   <entry keyword="GetSuperFileSubCount">
      <topic href="GetSuperFileSubCount.html#d0e1279"/>
   </entry>
   <entry keyword="GetSuperFileSubName">
      <topic href="GetSuperFileSubName.html#d0e1333"/>
   </entry>
   <entry keyword="GetUniqueInteger">
      <topic href="GetUniqueInteger.html#d0e11757"/>
   </entry>
   <entry keyword="GetXMLParseTree">
      <topic href="GetXMLParseTree.html#d0e11866"/>
   </entry>
   <entry keyword="Group">
      <topic href="Group.html#d0e10368"/>
   </entry>
   <entry keyword="ICellFunc">
      <topic href="ICellFunc.html#d0e13181"/>
   </entry>
   <entry keyword="Job.LogString">
      <topic href="LogString.html#d0e10757"/>
   </entry>
   <entry keyword="Job.Name">
      <topic href="Name.html#d0e10559"/>
   </entry>
   <entry keyword="Job.OS">
      <topic href="OS.html#d0e10658"/>
   </entry>
   <entry keyword="Job.Platform">
      <topic href="Platform.html#d0e10708"/>
   </entry>
   <entry keyword="Job.User">
      <topic href="User.html#d0e10609"/>
   </entry>
   <entry keyword="Job.WUID">
      <topic href="WUID.html#d0e10467"/>
   </entry>
   <entry keyword="LocaleCompareAtStrength">
      <topic href="CompareAtStrength.html#d0e5637"/>
   </entry>
   <entry keyword="LocaleCompareIgnoreCase">
      <topic href="CompareIgnoreCase.html#d0e5781"/>
   </entry>
   <entry keyword="LocaleFind">
      <topic href="Find.html#d0e6750"/>
   </entry>
   <entry keyword="LocaleFindAtStrength">
      <topic href="FindAtStrength.html#d0e6905"/>
   </entry>
   <entry keyword="LocaleFindAtStrengthReplace">
      <topic href="FindAtStrengthReplace.html#d0e7022"/>
   </entry>
   <entry keyword="LocaleFindReplace">
      <topic href="FindReplace.html#d0e7176"/>
   </entry>
   <entry keyword="LocaleToLowerCase">
      <topic href="ToLowerCase.html#d0e8019"/>
   </entry>
   <entry keyword="LocaleToTitleCase">
      <topic href="ToProperCase.html#d0e8114"/>
   </entry>
   <entry keyword="LocaleToUpperCase">
      <topic href="ToUpperCase.html#d0e8212"/>
   </entry>
   <entry keyword="Log.addWorkunitError">
      <topic href="addWorkunitError.html#d0e11414"/>
   </entry>
   <entry keyword="Log.addWorkunitInformation">
      <topic href="addWorkunitInformation.html#d0e11264"/>
   </entry>
   <entry keyword="Log.addWorkunitWarning">
      <topic href="addWorkunitWarning.html#d0e11339"/>
   </entry>
   <entry keyword="Log.dbglog">
      <topic href="dbglog.html#d0e11208"/>
   </entry>
   <entry keyword="LogicalFileList">
      <topic href="LogicalFileList.html#d0e299"/>
   </entry>
   <entry keyword="LogicalFileSuperOwners">
      <topic href="LogicalFileSuperOwners.html#d0e1411"/>
   </entry>
   <entry keyword="LogicalFileSuperSubList">
      <topic href="LogicalFileSuperSubList.html#d0e1473"/>
   </entry>
   <entry keyword="LogicalToPhysical">
      <topic href="LogicalToPhysical.html#d0e10238"/>
   </entry>
   <entry keyword="LogString">
      <topic href="LogString.html#d0e10761"/>
   </entry>
   <entry keyword="make_diag">
      <topic href="make_diag.html#d0e14142"/>
   </entry>
   <entry keyword="make_vector">
      <topic href="make_vector.html#d0e14203"/>
   </entry>
   <entry keyword="Metaphone.Double">
      <topic href="Double.html#d0e8655"/>
   </entry>
   <entry keyword="Metaphone.Primary">
      <topic href="Primary.html#d0e8523"/>
   </entry>
   <entry keyword="Metaphone.Secondary">
      <topic href="Secondary.html#d0e8592"/>
   </entry>
   <entry keyword="Metaphone3.Primary">
      <topic href="Primary.html#d0e8539"/>
   </entry>
   <entry keyword="MonitorFile">
      <topic href="MonitorFile.html#d0e10818"/>
   </entry>
   <entry keyword="MonitorLogicalFileName">
      <topic href="MonitorLogicalFileName.html#d0e11032"/>
   </entry>
   <entry keyword="MonthsBetween">
      <topic href="MonthsBetween.html#d0e9925"/>
   </entry>
   <entry keyword="MoveExternalFile">
      <topic href="MoveExternalFile.html#d0e2521"/>
   </entry>
   <entry keyword="msTick">
      <topic href="msTick.html#d0e11971"/>
   </entry>
   <entry keyword="Name">
      <topic href="Name.html#d0e10563"/>
   </entry>
   <entry keyword="Node">
      <topic href="Node.html#d0e10141"/>
   </entry>
   <entry keyword="Nodes">
      <topic href="Nodes.html#d0e10188"/>
   </entry>
   <entry keyword="OS">
      <topic href="OS.html#d0e10662"/>
   </entry>
   <entry keyword="Platform">
      <topic href="Platform.html#d0e10712"/>
   </entry>
   <entry keyword="Primary">
      <topic href="Primary.html#d0e8526"/>
   </entry>
   <entry keyword="PromoteSuperFileList">
      <topic href="PromoteSuperFileList.html#d0e2199"/>
   </entry>
   <entry keyword="ProtectLogicalFile">
      <topic href="ProtectLogicalFile.html#d0e675"/>
   </entry>
   <entry keyword="RemoteDirectory">
      <topic href="RemoteDirectory.html#d0e2707"/>
   </entry>
   <entry keyword="RemotePull">
      <topic href="RemotePull.html#d0e4043"/>
   </entry>
   <entry keyword="RemoveFileRelationship">
      <topic href="RemoveFileRelationship.html#d0e3305"/>
   </entry>
   <entry keyword="RemoveOwnedSubFiles">
      <topic href="RemoveOwnedSubFiles.html#d0e1996"/>
   </entry>
   <entry keyword="RemoveSuffix">
      <topic href="RemoveSuffix.html#d0e7396"/>
   </entry>
   <entry keyword="RemoveSuperFile">
      <topic href="RemoveSuperFile.html#d0e1823"/>
   </entry>
   <entry keyword="RenameLogicalFile">
      <topic href="RenameLogicalFile.html#d0e732"/>
   </entry>
   <entry keyword="Repeat">
      <topic href="Repeat.html#d0e7466"/>
   </entry>
   <entry keyword="ReplaceSuperFile">
      <topic href="ReplaceSuperFile.html#d0e2127"/>
   </entry>
   <entry keyword="Replicate">
      <topic href="Replicate.html#d0e4328"/>
   </entry>
   <entry keyword="ResolveHostName">
      <topic href="ResolveHostName.html#d0e11625"/>
   </entry>
   <entry keyword="Reverse">
      <topic href="Reverse.html#d0e7532"/>
   </entry>
   <entry keyword="Secondary">
      <topic href="Secondary.html#d0e8595"/>
   </entry>
   <entry keyword="SendEmail">
      <topic href="SendEmail.html#d0e12019"/>
   </entry>
   <entry keyword="SendEmailAttachData">
      <topic href="SendEmailAttachData.html#d0e12097"/>
   </entry>
   <entry keyword="SendEmailAttachText">
      <topic href="SendEmailAttachText.html#d0e12205"/>
   </entry>
   <entry keyword="SetColumnMapping">
      <topic href="SetColumnMapping.html#d0e2813"/>
   </entry>
   <entry keyword="SetFileDescription">
      <topic href="SetFileDescription.html#d0e786"/>
   </entry>
   <entry keyword="SetReadOnly">
      <topic href="SetReadOnly.html#d0e840"/>
   </entry>
   <entry keyword="SetWorkunitAppValue">
      <topic href="SetWorkunitAppValue.html#d0e12606"/>
   </entry>
   <entry keyword="Sleep">
      <topic href="Sleep.html#d0e11915"/>
   </entry>
   <entry keyword="SprayFixed">
      <topic href="SprayFixed.html#d0e4429"/>
   </entry>
   <entry keyword="SprayVariable">
      <topic href="SprayVariable.html#d0e4683"/>
   </entry>
   <entry keyword="SprayXML">
      <topic href="SprayXML.html#d0e5089"/>
   </entry>
   <entry keyword="StartSuperFileTransaction">
      <topic href="StartSuperFileTransaction.html#d0e1650"/>
   </entry>
   <entry keyword="StartsWith">
      <topic href="StartsWith.html#d0e7868"/>
   </entry>
   <entry keyword="STD.Audit.Audit">
      <topic href="Audit.html#d0e11485"/>
   </entry>
   <entry keyword="STD.BLAS.Apply2Cells">
      <topic href="Apply2Cells.html#d0e13246"/>
   </entry>
   <entry keyword="STD.BLAS.dasum">
      <topic href="dasum.html#d0e13325"/>
   </entry>
   <entry keyword="STD.BLAS.daxpy">
      <topic href="daxpy.html#d0e13395"/>
   </entry>
   <entry keyword="STD.BLAS.dgemm">
      <topic href="dgemm.html#d0e13486"/>
   </entry>
   <entry keyword="STD.BLAS.dgetf2">
      <topic href="dgetf2.html#d0e13589"/>
   </entry>
   <entry keyword="STD.BLAS.dpotf2">
      <topic href="dpotf2.html#d0e13650"/>
   </entry>
   <entry keyword="STD.BLAS.dscal">
      <topic href="dscal.html#d0e13723"/>
   </entry>
   <entry keyword="STD.BLAS.dsyrk">
      <topic href="dsyrk.html#d0e13798"/>
   </entry>
   <entry keyword="STD.BLAS.dtrsm">
      <topic href="dtrsm.html#d0e13895"/>
   </entry>
   <entry keyword="STD.BLAS.extract_diag">
      <topic href="extract_diag.html#d0e14000"/>
   </entry>
   <entry keyword="STD.BLAS.extract_tri">
      <topic href="extract_tri.html#d0e14063"/>
   </entry>
   <entry keyword="STD.BLAS.ICellFunc">
      <topic href="ICellFunc.html#d0e13175"/>
   </entry>
   <entry keyword="STD.BLAS.make_diag">
      <topic href="make_diag.html#d0e14136"/>
   </entry>
   <entry keyword="STD.BLAS.make_vector">
      <topic href="make_vector.html#d0e14197"/>
   </entry>
   <entry keyword="STD.BLAS.tracer">
      <topic href="BLASTrace.html#d0e14253"/>
   </entry>
   <entry keyword="STD.BLAS.Types">
      <topic href="BLASTypes.html#d0e13118"/>
   </entry>
   <entry keyword="STD.Date.AdjustCalendar">
      <topic href="AdjustCalendar.html#d0e10047"/>
   </entry>
   <entry keyword="STD.Date.AdjustDate">
      <topic href="AdjustDate.html#d0e9970"/>
   </entry>
   <entry keyword="STD.Date.CurrentDate">
      <topic href="CurrentDate.html#d0e9752"/>
   </entry>
   <entry keyword="STD.Date.CurrentTime">
      <topic href="CurrentTime.html#d0e9794"/>
   </entry>
   <entry keyword="STD.Date.Date_rec">
      <topic href="Date_Data_Types.html#d0e8720"/>
   </entry>
   <entry keyword="STD.Date.Date_t">
      <topic href="Date_Data_Types.html#d0e8729"/>
   </entry>
   <entry keyword="STD.Date.DateFromParts">
      <topic href="DateFromParts.html#d0e9155"/>
   </entry>
   <entry keyword="STD.Date.Day">
      <topic href="Day.html#d0e8963"/>
   </entry>
   <entry keyword="STD.Date.DayOfYear">
      <topic href="DayOfYear.html#d0e9832"/>
   </entry>
   <entry keyword="STD.Date.Days_t">
      <topic href="Date_Data_Types.html#d0e8738"/>
   </entry>
   <entry keyword="STD.Date.DaysBetween">
      <topic href="DaysBetween.html#d0e9874"/>
   </entry>
   <entry keyword="STD.Date.FromGregorianYMD">
      <topic href="FromGregorianYMD.html#d0e9540"/>
   </entry>
   <entry keyword="STD.Date.FromStringToDate">
      <topic href="FromStringToDate.html#d0e9652"/>
   </entry>
   <entry keyword="STD.Date.Hour">
      <topic href="Hour.html#d0e9011"/>
   </entry>
   <entry keyword="STD.Date.IsDateLeapYear">
      <topic href="IsDateLeapYear.html#d0e9335"/>
   </entry>
   <entry keyword="STD.Date.IsLeapYear">
      <topic href="IsLeapYear.html#d0e9287"/>
   </entry>
   <entry keyword="STD.Date.IsValidDate">
      <topic href="IsValidDate.html#d0e9386"/>
   </entry>
   <entry keyword="STD.Date.IsValidGregorianDate">
      <topic href="IsValidGregorianDate.html#d0e9495"/>
   </entry>
   <entry keyword="STD.Date.IsValidTime">
      <topic href="IsValidTime.html#d0e9450"/>
   </entry>
   <entry keyword="STD.Date.Minute">
      <topic href="Minute.html#d0e9059"/>
   </entry>
   <entry keyword="STD.Date.Month">
      <topic href="Month.html#d0e8915"/>
   </entry>
   <entry keyword="STD.Date.MonthsBetween">
      <topic href="MonthsBetween.html#d0e9922"/>
   </entry>
   <entry keyword="STD.Date.Second">
      <topic href="Second.html#d0e9107"/>
   </entry>
   <entry keyword="STD.Date.Time_rec">
      <topic href="Time_Data_Types.html#d0e8781"/>
   </entry>
   <entry keyword="STD.Date.Time_t">
      <topic href="Time_Data_Types.html#d0e8790"/>
   </entry>
   <entry keyword="STD.Date.TimeFromParts">
      <topic href="TimeFromParts.html#d0e9221"/>
   </entry>
   <entry keyword="STD.Date.Today">
      <topic href="Today.html#d0e9712"/>
   </entry>
   <entry keyword="STD.Date.ToGregorianYMD">
      <topic href="ToGregorianYMD.html#d0e9607"/>
   </entry>
   <entry keyword="STD.Date.Year">
      <topic href="Year.html#d0e8867"/>
   </entry>
   <entry keyword="STD.DateTime_rec">
      <topic href="Time_Data_Types.html#d0e8799"/>
   </entry>
   <entry keyword="STD.File.AbortDfuWorkunit">
      <topic href="AbortDfuWorkunit.html#d0e3475"/>
   </entry>
   <entry keyword="STD.File.AddFileRelationship">
      <topic href="AddFileRelationship.html#d0e2964"/>
   </entry>
   <entry keyword="STD.File.AddSuperFile">
      <topic href="AddSuperFile.html#d0e1685"/>
   </entry>
   <entry keyword="STD.File.ClearSuperFile">
      <topic href="ClearSuperFile.html#d0e1918"/>
   </entry>
   <entry keyword="STD.File.CompareFiles">
      <topic href="CompareFiles.html#d0e64"/>
   </entry>
   <entry keyword="STD.File.Copy">
      <topic href="Copy.html#d0e3532"/>
   </entry>
   <entry keyword="STD.File.CreateExternalDirectory">
      <topic href="CreateExternalDirectory.html#d0e2644"/>
   </entry>
   <entry keyword="STD.File.CreateSuperFile">
      <topic href="CreateSuperFile.html#d0e1016"/>
   </entry>
   <entry keyword="STD.File.DeleteExternalFile">
      <topic href="DeleteExternalFile.html#d0e2587"/>
   </entry>
   <entry keyword="STD.File.DeleteLogicalFiles">
      <topic href="DeleteLogicalFile.html#d0e236"/>
   </entry>
   <entry keyword="STD.File.DeleteSuperFile">
      <topic href="DeleteSuperFile.html#d0e1199"/>
   </entry>
   <entry keyword="STD.File.DeSpray">
      <topic href="DeSpray.html#d0e3846"/>
   </entry>
   <entry keyword="STD.File.DfuPlusExec">
      <topic href="DfuPlusExec.html#d0e3430"/>
   </entry>
   <entry keyword="STD.File.ExternalLogicalFileName">
      <topic href="ExternalLogicalFileName.html#d0e2460"/>
   </entry>
   <entry keyword="STD.File.fCopy">
      <topic href="Copy.html#d0e3632"/>
   </entry>
   <entry keyword="STD.File.fDeSpray">
      <topic href="DeSpray.html#d0e3907"/>
   </entry>
   <entry keyword="STD.File.FileExists">
      <topic href="FileExists.html#d0e402"/>
   </entry>
   <entry keyword="STD.File.FileRelationshipList">
      <topic href="FileRelationshipList.html#d0e3165"/>
   </entry>
   <entry keyword="STD.File.FindSuperFileSubName">
      <topic href="FindSuperFileSubName.html#d0e1581"/>
   </entry>
   <entry keyword="STD.File.FinishSuperFileTransaction">
      <topic href="FinishSuperFileTransaction.html#d0e2404"/>
   </entry>
   <entry keyword="STD.File.fMonitorFile">
      <topic href="MonitorFile.html#d0e10866"/>
   </entry>
   <entry keyword="STD.File.fMonitorLogicalFileName">
      <topic href="MonitorLogicalFileName.html#d0e11068"/>
   </entry>
   <entry keyword="STD.File.ForeignLogicalFileName">
      <topic href="ForeignLogicalFileName.html#d0e477"/>
   </entry>
   <entry keyword="STD.File.ForeignLogicalFileName">
      <topic href="ForeignLogicalFileName.html#d0e480"/>
   </entry>
   <entry keyword="STD.File.fPromoteSuperFileList">
      <topic href="PromoteSuperFileList.html#d0e2263"/>
   </entry>
   <entry keyword="STD.File.fSprayFixed">
      <topic href="SprayFixed.html#d0e4505"/>
   </entry>
   <entry keyword="STD.File.fSprayVariable">
      <topic href="SprayVariable.html#d0e4815"/>
   </entry>
   <entry keyword="STD.File.fSprayXML">
      <topic href="SprayXML.html#d0e5201"/>
   </entry>
   <entry keyword="STD.File.GetColumnMapping">
      <topic href="GetColumnMapping.html#d0e2909"/>
   </entry>
   <entry keyword="STD.File.GetFileDescription">
      <topic href="GetFileDescription.html#d0e556"/>
   </entry>
   <entry keyword="STD.File.GetLogicalFileAttribute">
      <topic href="GetLogicalFileAttribute.html#d0e608"/>
   </entry>
   <entry keyword="STD.File.GetSuperFileSubCount">
      <topic href="GetSuperFileSubCount.html#d0e1273"/>
   </entry>
   <entry keyword="STD.File.GetSuperFileSubName">
      <topic href="GetSuperFileSubName.html#d0e1327"/>
   </entry>
   <entry keyword="STD.File.LogicalFileList">
      <topic href="LogicalFileList.html#d0e293"/>
   </entry>
   <entry keyword="STD.File.LogicalFileSuperOwners">
      <topic href="LogicalFileSuperOwners.html#d0e1405"/>
   </entry>
   <entry keyword="STD.File.LogicalFileSuperSubList">
      <topic href="LogicalFileSuperSubList.html#d0e1467"/>
   </entry>
   <entry keyword="STD.File.MonitorFile">
      <topic href="MonitorFile.html#d0e10812"/>
   </entry>
   <entry keyword="STD.File.MonitorLogicalFileName">
      <topic href="MonitorLogicalFileName.html#d0e11026"/>
   </entry>
   <entry keyword="STD.File.MoveExternalFile">
      <topic href="MoveExternalFile.html#d0e2515"/>
   </entry>
   <entry keyword="STD.File.PromoteSuperFileList">
      <topic href="PromoteSuperFileList.html#d0e2193"/>
   </entry>
   <entry keyword="STD.File.ProtectLogicalFile">
      <topic href="ProtectLogicalFile.html#d0e669"/>
   </entry>
   <entry keyword="STD.File.RemoteDirectory">
      <topic href="RemoteDirectory.html#d0e2701"/>
   </entry>
   <entry keyword="STD.File.RemotePull">
      <topic href="RemotePull.html#d0e4037"/>
   </entry>
   <entry keyword="STD.File.RemoveFileRelationship">
      <topic href="RemoveFileRelationship.html#d0e3299"/>
   </entry>
   <entry keyword="STD.File.RemoveOwnedSubFiles">
      <topic href="RemoveOwnedSubFiles.html#d0e1990"/>
   </entry>
   <entry keyword="STD.File.RemoveSuperFile">
      <topic href="RemoveSuperFile.html#d0e1817"/>
   </entry>
   <entry keyword="STD.File.RenameLogicalFile">
      <topic href="RenameLogicalFile.html#d0e726"/>
   </entry>
   <entry keyword="STD.File.ReplaceSuperFile">
      <topic href="ReplaceSuperFile.html#d0e2121"/>
   </entry>
   <entry keyword="STD.File.Replicate">
      <topic href="Replicate.html#d0e4320"/>
   </entry>
   <entry keyword="STD.File.SetColumnMapping">
      <topic href="SetColumnMapping.html#d0e2807"/>
   </entry>
   <entry keyword="STD.File.SetFileDescription">
      <topic href="SetFileDescription.html#d0e780"/>
   </entry>
   <entry keyword="STD.File.SetReadOnly">
      <topic href="SetReadOnly.html#d0e834"/>
   </entry>
   <entry keyword="STD.File.SprayFixed">
      <topic href="SprayFixed.html#d0e4423"/>
   </entry>
   <entry keyword="STD.File.SprayVariable">
      <topic href="SprayVariable.html#d0e4677"/>
   </entry>
   <entry keyword="STD.File.SprayXML">
      <topic href="SprayXML.html#d0e5083"/>
   </entry>
   <entry keyword="STD.File.StartSuperFileTransaction">
      <topic href="StartSuperFileTransaction.html#d0e1644"/>
   </entry>
   <entry keyword="STD.File.SuperFileContents">
      <topic href="SuperFileContents.html#d0e1507"/>
   </entry>
   <entry keyword="STD.File.SuperFileExists">
      <topic href="SuperFileExists.html#d0e1138"/>
   </entry>
   <entry keyword="STD.File.SwapSuperFile">
      <topic href="SwapSuperFile.html#d0e2058"/>
   </entry>
   <entry keyword="STD.File.VerifyFile">
      <topic href="VerifyFile.html#d0e894"/>
   </entry>
   <entry keyword="STD.File.WaitDfuWorkunit">
      <topic href="WaitDfuWorkunit.html#d0e5415"/>
   </entry>
   <entry keyword="Std.Metaphone.Double">
      <topic href="Double.html#d0e8652"/>
   </entry>
   <entry keyword="Std.Metaphone.Primary">
      <topic href="Primary.html#d0e8520"/>
   </entry>
   <entry keyword="Std.Metaphone.Primary">
      <topic href="Primary.html#d0e8536"/>
   </entry>
   <entry keyword="Std.Metaphone.Secondary">
      <topic href="Secondary.html#d0e8589"/>
   </entry>
   <entry keyword="Std.Metaphone3.Double">
      <topic href="Double.html#d0e8668"/>
   </entry>
   <entry keyword="Std.Metaphone3.Secondary">
      <topic href="Secondary.html#d0e8605"/>
   </entry>
   <entry keyword="STD.Str.CleanSpaces">
      <topic href="CleanSpaces.html#d0e5543"/>
   </entry>
   <entry keyword="STD.Str.CompareIgnoreCase">
      <topic href="CompareIgnoreCase.html#d0e5736"/>
   </entry>
   <entry keyword="STD.Str.Contains">
      <topic href="Contains.html#d0e5854"/>
   </entry>
   <entry keyword="STD.Str.CountWords">
      <topic href="CountWords.html#d0e5940"/>
   </entry>
   <entry keyword="STD.Str.EditDistance">
      <topic href="EditDistance.html#d0e5996"/>
   </entry>
   <entry keyword="STD.Str.EditDistanceWithinRadius">
      <topic href="EditDistanceWithinRadius.html#d0e6085"/>
   </entry>
   <entry keyword="STD.Str.EndsWith">
      <topic href="EndsWith.html#d0e6177"/>
   </entry>
   <entry keyword="STD.Str.EqualIgnoreCase">
      <topic href="EqualIgnoreCase.html#d0e6238"/>
   </entry>
   <entry keyword="STD.Str.ExcludeFirstWord">
      <topic href="ExcludeFirstWord.html#d0e6301"/>
   </entry>
   <entry keyword="STD.Str.ExcludeLastWord">
      <topic href="ExcludeLastWord.html#d0e6351"/>
   </entry>
   <entry keyword="STD.Str.ExcludeNthWord">
      <topic href="ExcludeNthWord.html#d0e6401"/>
   </entry>
   <entry keyword="STD.Str.Extract">
      <topic href="ExtractMultiple.html#d0e6468"/>
   </entry>
   <entry keyword="STD.Str.Filter">
      <topic href="Filter.html#d0e6548"/>
   </entry>
   <entry keyword="STD.Str.FilterOut">
      <topic href="FilterOut.html#d0e6625"/>
   </entry>
   <entry keyword="STD.Str.FilterOut">
      <topic href="FilterOut.html#d0e6628"/>
   </entry>
   <entry keyword="STD.Str.Find">
      <topic href="Find.html#d0e6705"/>
   </entry>
   <entry keyword="STD.Str.FindCount">
      <topic href="FindCount.html#d0e6838"/>
   </entry>
   <entry keyword="STD.Str.FindReplace">
      <topic href="FindReplace.html#d0e7131"/>
   </entry>
   <entry keyword="STD.Str.FromHexPairs">
      <topic href="FromHexPairs.html#d0e7256"/>
   </entry>
   <entry keyword="STD.Str.GetNthWord">
      <topic href="GetNthWord.html#d0e7307"/>
   </entry>
   <entry keyword="STD.Str.RemoveSuffix">
      <topic href="RemoveSuffix.html#d0e7390"/>
   </entry>
   <entry keyword="STD.Str.Repeat">
      <topic href="Repeat.html#d0e7460"/>
   </entry>
   <entry keyword="STD.Str.Reverse">
      <topic href="Reverse.html#d0e7526"/>
   </entry>
   <entry keyword="STD.Str.SplitWords">
      <topic href="SplitWords.html#d0e7596"/>
   </entry>
   <entry keyword="STD.Str.StartsWith">
      <topic href="StartsWith.html#d0e7862"/>
   </entry>
   <entry keyword="STD.Str.SubstituteExcluded">
      <topic href="SubstituteExcluded.html#d0e7662"/>
   </entry>
   <entry keyword="STD.Str.SubstituteIncluded">
      <topic href="SubstituteIncluded.html#d0e7762"/>
   </entry>
   <entry keyword="STD.Str.ToHexPairs">
      <topic href="ToHexPairs.html#d0e7923"/>
   </entry>
   <entry keyword="STD.Str.ToLowerCase">
      <topic href="ToLowerCase.html#d0e7974"/>
   </entry>
   <entry keyword="STD.Str.ToTitleCase">
      <topic href="ToProperCase.html#d0e8071"/>
   </entry>
   <entry keyword="STD.Str.ToUpperCase">
      <topic href="ToUpperCase.html#d0e8167"/>
   </entry>
   <entry keyword="STD.Str.Translate">
      <topic href="Translate.html#d0e8264"/>
   </entry>
   <entry keyword="STD.Str.WildMatch">
      <topic href="WildMatch.html#d0e8356"/>
   </entry>
   <entry keyword="STD.Str.WordCount">
      <topic href="WordCount.html#d0e8442"/>
   </entry>
   <entry keyword="STD.System.Debug.GetParseTree">
      <topic href="GetParseTree.html#d0e11805"/>
   </entry>
   <entry keyword="STD.System.Debug.GetXMLParseTree">
      <topic href="GetXMLParseTree.html#d0e11854"/>
   </entry>
   <entry keyword="STD.System.Debug.msTick">
      <topic href="msTick.html#d0e11959"/>
   </entry>
   <entry keyword="STD.System.Debug.Sleep">
      <topic href="Sleep.html#d0e11903"/>
   </entry>
   <entry keyword="STD.System.Email.SendEmail">
      <topic href="SendEmail.html#d0e12007"/>
   </entry>
   <entry keyword="STD.System.Email.SendEmailAttachData">
      <topic href="SendEmailAttachData.html#d0e12085"/>
   </entry>
   <entry keyword="STD.System.Email.SendEmailAttachText">
      <topic href="SendEmailAttachText.html#d0e12193"/>
   </entry>
   <entry keyword="STD.System.Job.LogString">
      <topic href="LogString.html#d0e10749"/>
   </entry>
   <entry keyword="STD.System.Job.Name">
      <topic href="Name.html#d0e10551"/>
   </entry>
   <entry keyword="STD.System.Job.OS">
      <topic href="OS.html#d0e10650"/>
   </entry>
   <entry keyword="STD.System.Job.Platform">
      <topic href="Platform.html#d0e10700"/>
   </entry>
   <entry keyword="STD.System.Job.Target">
      <topic href="Target.html#d0e10509"/>
   </entry>
   <entry keyword="STD.System.Job.User">
      <topic href="User.html#d0e10601"/>
   </entry>
   <entry keyword="STD.System.Job.WUID">
      <topic href="WUID.html#d0e10459"/>
   </entry>
   <entry keyword="STD.System.Log.addWorkunitError">
      <topic href="addWorkunitError.html#d0e11406"/>
   </entry>
   <entry keyword="STD.System.Log.addWorkunitInformation">
      <topic href="addWorkunitInformation.html#d0e11256"/>
   </entry>
   <entry keyword="STD.System.Log.addWorkunitWarning">
      <topic href="addWorkunitWarning.html#d0e11331"/>
   </entry>
   <entry keyword="STD.System.Log.dbglog">
      <topic href="dbglog.html#d0e11200"/>
   </entry>
   <entry keyword="STD.System.ThorLib.DaliServer">
      <topic href="DaliServer.html#d0e10306"/>
   </entry>
   <entry keyword="STD.System.ThorLib.GetExpandLogicalFileName">
      <topic href="GetExpandLogicalFileName.html#d0e10400"/>
   </entry>
   <entry keyword="STD.System.ThorLib.Group">
      <topic href="Group.html#d0e10356"/>
   </entry>
   <entry keyword="STD.System.ThorLib.LogicalToPhysical">
      <topic href="LogicalToPhysical.html#d0e10226"/>
   </entry>
   <entry keyword="STD.System.Thorlib.Node">
      <topic href="Node.html#d0e10132"/>
   </entry>
   <entry keyword="STD.System.Thorlib.Nodes">
      <topic href="Nodes.html#d0e10179"/>
   </entry>
   <entry keyword="STD.System.Util.CmdProcess">
      <topic href="CmdProcess.html#d0e11674"/>
   </entry>
   <entry keyword="STD.System.Util.GetHostName">
      <topic href="GetHostName.html#d0e11551"/>
   </entry>
   <entry keyword="STD.System.Util.GetUniqueInteger">
      <topic href="GetUniqueInteger.html#d0e11745"/>
   </entry>
   <entry keyword="STD.System.Util.ResolveHostName">
      <topic href="ResolveHostName.html#d0e11613"/>
   </entry>
   <entry keyword="STD.System.Workunit.SetWorkunitAppValue">
      <topic href="SetWorkunitAppValue.html#d0e12594"/>
   </entry>
   <entry keyword="STD.System.Workunit.WorkunitFilesRead">
      <topic href="WorkunitFilesRead.html#d0e12933"/>
   </entry>
   <entry keyword="STD.System.Workunit.WorkunitFilesWritten">
      <topic href="WorkunitFilesWritten.html#d0e12992"/>
   </entry>
   <entry keyword="STD.System.Workunit.WorkunitList">
      <topic href="WorkunitList.html#d0e12371"/>
   </entry>
   <entry keyword="STD.System.Workunit.WorkunitMessages">
      <topic href="WorkunitMessages.html#d0e12874"/>
   </entry>
   <entry keyword="STD.System.Workunit.WorkunitTimeStamps">
      <topic href="WorkunitTimeStamps.html#d0e12815"/>
   </entry>
   <entry keyword="STD.System.Workunit.WorkunitTimings">
      <topic href="WorkunitTimings.html#d0e13051"/>
   </entry>
   <entry keyword="STD.System.Workunit.WUIDdaysAgo">
      <topic href="WUIDdaysAgo.html#d0e12757"/>
   </entry>
   <entry keyword="STD.System.Workunit.WUIDonDate">
      <topic href="WUIDonDate.html#d0e12678"/>
   </entry>
   <entry keyword="STD.Timestamp_t">
      <topic href="Time_Data_Types.html#d0e8810"/>
   </entry>
   <entry keyword="STD.Uni.CleanAccents">
      <topic href="CleanAccents.html#d0e5495"/>
   </entry>
   <entry keyword="STD.Uni.CleanSpaces">
      <topic href="CleanSpaces.html#d0e5562"/>
   </entry>
   <entry keyword="STD.Uni.CompareAtStrength">
      <topic href="CompareAtStrength.html#d0e5610"/>
   </entry>
   <entry keyword="STD.Uni.CompareIgnoreCase">
      <topic href="CompareIgnoreCase.html#d0e5757"/>
   </entry>
   <entry keyword="STD.Uni.Contains">
      <topic href="Contains.html#d0e5875"/>
   </entry>
   <entry keyword="STD.Uni.EditDistance">
      <topic href="EditDistance.html#d0e6015"/>
   </entry>
   <entry keyword="STD.Uni.EditDistanceWithinRadius">
      <topic href="EditDistanceWithinRadius.html#d0e6104"/>
   </entry>
   <entry keyword="STD.Uni.Extract">
      <topic href="ExtractMultiple.html#d0e6487"/>
   </entry>
   <entry keyword="STD.Uni.Filter">
      <topic href="Filter.html#d0e6567"/>
   </entry>
   <entry keyword="STD.Uni.FilterOut">
      <topic href="FilterOut.html#d0e6646"/>
   </entry>
   <entry keyword="STD.Uni.Find">
      <topic href="Find.html#d0e6726"/>
   </entry>
   <entry keyword="STD.Uni.FindReplace">
      <topic href="FindReplace.html#d0e7152"/>
   </entry>
   <entry keyword="STD.Uni.GetNthWord">
      <topic href="GetNthWord.html#d0e7322"/>
   </entry>
   <entry keyword="STD.Uni.LocaleCompareAtStrength">
      <topic href="CompareAtStrength.html#d0e5631"/>
   </entry>
   <entry keyword="STD.Uni.LocaleCompareIgnoreCase">
      <topic href="CompareIgnoreCase.html#d0e5775"/>
   </entry>
   <entry keyword="STD.Uni.LocaleFind">
      <topic href="Find.html#d0e6744"/>
   </entry>
   <entry keyword="STD.Uni.LocaleFindAtStrength">
      <topic href="FindAtStrength.html#d0e6899"/>
   </entry>
   <entry keyword="STD.Uni.LocaleFindAtStrengthReplace">
      <topic href="FindAtStrengthReplace.html#d0e7016"/>
   </entry>
   <entry keyword="STD.Uni.LocaleFindReplace">
      <topic href="FindReplace.html#d0e7170"/>
   </entry>
   <entry keyword="STD.Uni.LocaleToLowerCase">
      <topic href="ToLowerCase.html#d0e8013"/>
   </entry>
   <entry keyword="STD.Uni.LocaleToTitleCase">
      <topic href="ToProperCase.html#d0e8108"/>
   </entry>
   <entry keyword="STD.Uni.LocaleToUpperCase">
      <topic href="ToUpperCase.html#d0e8206"/>
   </entry>
   <entry keyword="STD.Uni.Reverse">
      <topic href="Reverse.html#d0e7547"/>
   </entry>
   <entry keyword="STD.Uni.SubstituteExcluded">
      <topic href="SubstituteExcluded.html#d0e7683"/>
   </entry>
   <entry keyword="STD.Uni.SubstituteIncluded">
      <topic href="SubstituteIncluded.html#d0e7783"/>
   </entry>
   <entry keyword="STD.Uni.ToLowerCase">
      <topic href="ToLowerCase.html#d0e7995"/>
   </entry>
   <entry keyword="STD.Uni.ToTitleCase">
      <topic href="ToProperCase.html#d0e8090"/>
   </entry>
   <entry keyword="STD.Uni.ToUpperCase">
      <topic href="ToUpperCase.html#d0e8188"/>
   </entry>
   <entry keyword="STD.Uni.WildMatch">
      <topic href="WildMatch.html#d0e8375"/>
   </entry>
   <entry keyword="STD.Uni.WordCount">
      <topic href="WordCount.html#d0e8457"/>
   </entry>
   <entry keyword="Str.CleanSpaces">
      <topic href="CleanSpaces.html#d0e5546"/>
   </entry>
   <entry keyword="Str.CompareIgnoreCase">
      <topic href="CompareIgnoreCase.html#d0e5739"/>
   </entry>
   <entry keyword="Str.Contains">
      <topic href="Contains.html#d0e5857"/>
   </entry>
   <entry keyword="Str.CountWords">
      <topic href="CountWords.html#d0e5943"/>
   </entry>
   <entry keyword="Str.EditDistance">
      <topic href="EditDistance.html#d0e5999"/>
   </entry>
   <entry keyword="Str.EditDistanceWithinRadius">
      <topic href="EditDistanceWithinRadius.html#d0e6088"/>
   </entry>
   <entry keyword="Str.EndsWith">
      <topic href="EndsWith.html#d0e6180"/>
   </entry>
   <entry keyword="Str.EqualIgnoreCase">
      <topic href="EqualIgnoreCase.html#d0e6241"/>
   </entry>
   <entry keyword="Str.ExcludeFirstWord">
      <topic href="ExcludeFirstWord.html#d0e6304"/>
   </entry>
   <entry keyword="Str.ExcludeLastWord">
      <topic href="ExcludeLastWord.html#d0e6354"/>
   </entry>
   <entry keyword="Str.ExcludeNthWord">
      <topic href="ExcludeNthWord.html#d0e6404"/>
   </entry>
   <entry keyword="Str.Extract">
      <topic href="ExtractMultiple.html#d0e6471"/>
   </entry>
   <entry keyword="Str.Filter">
      <topic href="Filter.html#d0e6551"/>
   </entry>
   <entry keyword="Str.Find">
      <topic href="Find.html#d0e6708"/>
   </entry>
   <entry keyword="Str.FindCount">
      <topic href="FindCount.html#d0e6841"/>
   </entry>
   <entry keyword="Str.FindReplace">
      <topic href="FindReplace.html#d0e7134"/>
   </entry>
   <entry keyword="Str.FromHexPairs">
      <topic href="FromHexPairs.html#d0e7259"/>
   </entry>
   <entry keyword="Str.GetNthWord">
      <topic href="GetNthWord.html#d0e7310"/>
   </entry>
   <entry keyword="Str.RemoveSuffix">
      <topic href="RemoveSuffix.html#d0e7393"/>
   </entry>
   <entry keyword="Str.Repeat">
      <topic href="Repeat.html#d0e7463"/>
   </entry>
   <entry keyword="Str.Reverse">
      <topic href="Reverse.html#d0e7529"/>
   </entry>
   <entry keyword="Str.SplitWords">
      <topic href="SplitWords.html#d0e7599"/>
   </entry>
   <entry keyword="Str.StartsWith">
      <topic href="StartsWith.html#d0e7865"/>
   </entry>
   <entry keyword="Str.SubstituteExcluded">
      <topic href="SubstituteExcluded.html#d0e7665"/>
   </entry>
   <entry keyword="Str.SubstituteIncluded">
      <topic href="SubstituteIncluded.html#d0e7765"/>
   </entry>
   <entry keyword="Str.ToHexPairs">
      <topic href="ToHexPairs.html#d0e7926"/>
   </entry>
   <entry keyword="Str.ToLowerCase">
      <topic href="ToLowerCase.html#d0e7977"/>
   </entry>
   <entry keyword="Str.ToTitleCase">
      <topic href="ToProperCase.html#d0e8074"/>
   </entry>
   <entry keyword="Str.ToUpperCase">
      <topic href="ToUpperCase.html#d0e8170"/>
   </entry>
   <entry keyword="Str.Translate">
      <topic href="Translate.html#d0e8267"/>
   </entry>
   <entry keyword="Str.WildMatch">
      <topic href="WildMatch.html#d0e8359"/>
   </entry>
   <entry keyword="Str.WordCount">
      <topic href="WordCount.html#d0e8445"/>
   </entry>
   <entry keyword="SubstituteExcluded">
      <topic href="SubstituteExcluded.html#d0e7668"/>
   </entry>
   <entry keyword="SubstituteIncluded">
      <topic href="SubstituteIncluded.html#d0e7768"/>
   </entry>
   <entry keyword="SuperFileContents">
      <topic href="SuperFileContents.html#d0e1513"/>
   </entry>
   <entry keyword="SuperFileExists">
      <topic href="SuperFileExists.html#d0e1144"/>
   </entry>
   <entry keyword="SwapSuperFile">
      <topic href="SwapSuperFile.html#d0e2064"/>
   </entry>
   <entry keyword="System.Debug.GetParseTree">
      <topic href="GetParseTree.html#d0e11809"/>
   </entry>
   <entry keyword="System.Debug.GetXMLParseTree">
      <topic href="GetXMLParseTree.html#d0e11858"/>
   </entry>
   <entry keyword="System.Debug.msTick">
      <topic href="msTick.html#d0e11963"/>
   </entry>
   <entry keyword="System.Debug.Sleep">
      <topic href="Sleep.html#d0e11907"/>
   </entry>
   <entry keyword="System.Email.SendEmail">
      <topic href="SendEmail.html#d0e12011"/>
   </entry>
   <entry keyword="System.Email.SendEmailAttachData">
      <topic href="SendEmailAttachData.html#d0e12089"/>
   </entry>
   <entry keyword="System.Email.SendEmailAttachText">
      <topic href="SendEmailAttachText.html#d0e12197"/>
   </entry>
   <entry keyword="System.Job.LogString">
      <topic href="LogString.html#d0e10753"/>
   </entry>
   <entry keyword="System.Job.Name">
      <topic href="Name.html#d0e10555"/>
   </entry>
   <entry keyword="System.Job.OS">
      <topic href="OS.html#d0e10654"/>
   </entry>
   <entry keyword="System.Job.Platform">
      <topic href="Platform.html#d0e10704"/>
   </entry>
   <entry keyword="System.Job.User">
      <topic href="User.html#d0e10605"/>
   </entry>
   <entry keyword="System.Job.WUID">
      <topic href="WUID.html#d0e10463"/>
   </entry>
   <entry keyword="System.Log.addWorkunitError">
      <topic href="addWorkunitError.html#d0e11410"/>
   </entry>
   <entry keyword="System.Log.addWorkunitInformation">
      <topic href="addWorkunitInformation.html#d0e11260"/>
   </entry>
   <entry keyword="System.Log.addWorkunitWarning">
      <topic href="addWorkunitWarning.html#d0e11335"/>
   </entry>
   <entry keyword="System.Log.dbglog">
      <topic href="dbglog.html#d0e11204"/>
   </entry>
   <entry keyword="System.ThorLib.DaliServer">
      <topic href="DaliServer.html#d0e10310"/>
   </entry>
   <entry keyword="System.ThorLib.GetExpandLogicalFileName">
      <topic href="GetExpandLogicalFileName.html#d0e10404"/>
   </entry>
   <entry keyword="System.ThorLib.Group">
      <topic href="Group.html#d0e10360"/>
   </entry>
   <entry keyword="System.ThorLib.LogicalToPhysical">
      <topic href="LogicalToPhysical.html#d0e10230"/>
   </entry>
   <entry keyword="System.Thorlib.Node">
      <topic href="Node.html#d0e10135"/>
   </entry>
   <entry keyword="System.Thorlib.Nodes">
      <topic href="Nodes.html#d0e10182"/>
   </entry>
   <entry keyword="System.Util.CmdProcess">
      <topic href="CmdProcess.html#d0e11678"/>
   </entry>
   <entry keyword="System.Util.GetHostName">
      <topic href="GetHostName.html#d0e11555"/>
   </entry>
   <entry keyword="System.Util.GetUniqueInteger">
      <topic href="GetUniqueInteger.html#d0e11749"/>
   </entry>
   <entry keyword="System.Util.ResolveHostName">
      <topic href="ResolveHostName.html#d0e11617"/>
   </entry>
   <entry keyword="System.Workunit.SetWorkunitAppValue">
      <topic href="SetWorkunitAppValue.html#d0e12598"/>
   </entry>
   <entry keyword="System.Workunit.WorkunitFilesRead">
      <topic href="WorkunitFilesRead.html#d0e12937"/>
   </entry>
   <entry keyword="System.Workunit.WorkunitFilesWritten">
      <topic href="WorkunitFilesWritten.html#d0e12996"/>
   </entry>
   <entry keyword="System.Workunit.WorkunitList">
      <topic href="WorkunitList.html#d0e12375"/>
   </entry>
   <entry keyword="System.Workunit.WorkunitMessages">
      <topic href="WorkunitMessages.html#d0e12878"/>
   </entry>
   <entry keyword="System.Workunit.WorkunitTimeStamps">
      <topic href="WorkunitTimeStamps.html#d0e12819"/>
   </entry>
   <entry keyword="System.Workunit.WorkunitTimings">
      <topic href="WorkunitTimings.html#d0e13055"/>
   </entry>
   <entry keyword="System.Workunit.WUIDdaysAgo">
      <topic href="WUIDdaysAgo.html#d0e12761"/>
   </entry>
   <entry keyword="System.Workunit.WUIDonDate">
      <topic href="WUIDonDate.html#d0e12682"/>
   </entry>
   <entry keyword="Target">
      <topic href="Target.html#d0e10513"/>
   </entry>
   <entry keyword="ThorLib.DaliServer">
      <topic href="DaliServer.html#d0e10314"/>
   </entry>
   <entry keyword="ThorLib.GetExpandLogicalFileName">
      <topic href="GetExpandLogicalFileName.html#d0e10408"/>
   </entry>
   <entry keyword="ThorLib.Group">
      <topic href="Group.html#d0e10364"/>
   </entry>
   <entry keyword="ThorLib.LogicalToPhysical">
      <topic href="LogicalToPhysical.html#d0e10234"/>
   </entry>
   <entry keyword="Thorlib.Node">
      <topic href="Node.html#d0e10138"/>
   </entry>
   <entry keyword="Thorlib.Nodes">
      <topic href="Nodes.html#d0e10185"/>
   </entry>
   <entry keyword="Timestamp_t">
      <topic href="Time_Data_Types.html#d0e8814"/>
   </entry>
   <entry keyword="Today">
      <topic href="Today.html#d0e9715"/>
   </entry>
   <entry keyword="ToHexPairs">
      <topic href="ToHexPairs.html#d0e7929"/>
   </entry>
   <entry keyword="ToLowerCase">
      <topic href="ToLowerCase.html#d0e7980"/>
   </entry>
   <entry keyword="ToTitleCase">
      <topic href="ToProperCase.html#d0e8077"/>
   </entry>
   <entry keyword="ToUpperCase">
      <topic href="ToUpperCase.html#d0e8173"/>
   </entry>
   <entry keyword="trace">
      <topic href="BLASTrace.html#d0e14259"/>
   </entry>
   <entry keyword="Translate">
      <topic href="Translate.html#d0e8270"/>
   </entry>
   <entry keyword="Types">
      <topic href="BLASTypes.html#d0e13124"/>
   </entry>
   <entry keyword="Uni.CleanAccents">
      <topic href="CleanAccents.html#d0e5498"/>
   </entry>
   <entry keyword="Uni.CleanSpaces">
      <topic href="CleanSpaces.html#d0e5565"/>
   </entry>
   <entry keyword="Uni.CompareAtStrength">
      <topic href="CompareAtStrength.html#d0e5613"/>
   </entry>
   <entry keyword="Uni.CompareIgnoreCase">
      <topic href="CompareIgnoreCase.html#d0e5760"/>
   </entry>
   <entry keyword="Uni.Contains">
      <topic href="Contains.html#d0e5878"/>
   </entry>
   <entry keyword="Uni.EditDistance">
      <topic href="EditDistance.html#d0e6018"/>
   </entry>
   <entry keyword="Uni.EditDistanceWithinRadius">
      <topic href="EditDistanceWithinRadius.html#d0e6107"/>
   </entry>
   <entry keyword="Uni.Extract">
      <topic href="ExtractMultiple.html#d0e6490"/>
   </entry>
   <entry keyword="Uni.Filter">
      <topic href="Filter.html#d0e6570"/>
   </entry>
   <entry keyword="Uni.FilterOut">
      <topic href="FilterOut.html#d0e6649"/>
   </entry>
   <entry keyword="Uni.Find">
      <topic href="Find.html#d0e6729"/>
   </entry>
   <entry keyword="Uni.FindReplace">
      <topic href="FindReplace.html#d0e7155"/>
   </entry>
   <entry keyword="Uni.GetNthWord">
      <topic href="GetNthWord.html#d0e7326"/>
   </entry>
   <entry keyword="Uni.LocaleCompareAtStrength">
      <topic href="CompareAtStrength.html#d0e5634"/>
   </entry>
   <entry keyword="Uni.LocaleCompareIgnoreCase">
      <topic href="CompareIgnoreCase.html#d0e5778"/>
   </entry>
   <entry keyword="Uni.LocaleFind">
      <topic href="Find.html#d0e6747"/>
   </entry>
   <entry keyword="Uni.LocaleFindAtStrength">
      <topic href="FindAtStrength.html#d0e6902"/>
   </entry>
   <entry keyword="Uni.LocaleFindAtStrengthReplace">
      <topic href="FindAtStrengthReplace.html#d0e7019"/>
   </entry>
   <entry keyword="Uni.LocaleFindReplace">
      <topic href="FindReplace.html#d0e7173"/>
   </entry>
   <entry keyword="Uni.LocaleToLowerCase">
      <topic href="ToLowerCase.html#d0e8016"/>
   </entry>
   <entry keyword="Uni.LocaleToTitleCase">
      <topic href="ToProperCase.html#d0e8111"/>
   </entry>
   <entry keyword="Uni.LocaleToUpperCase">
      <topic href="ToUpperCase.html#d0e8209"/>
   </entry>
   <entry keyword="Uni.Reverse">
      <topic href="Reverse.html#d0e7550"/>
   </entry>
   <entry keyword="Uni.SubstituteExcluded">
      <topic href="SubstituteExcluded.html#d0e7686"/>
   </entry>
   <entry keyword="Uni.SubstituteIncluded">
      <topic href="SubstituteIncluded.html#d0e7786"/>
   </entry>
   <entry keyword="Uni.ToLowerCase">
      <topic href="ToLowerCase.html#d0e7998"/>
   </entry>
   <entry keyword="Uni.ToTitleCase">
      <topic href="ToProperCase.html#d0e8093"/>
   </entry>
   <entry keyword="Uni.ToUpperCase">
      <topic href="ToUpperCase.html#d0e8191"/>
   </entry>
   <entry keyword="Uni.WildMatch">
      <topic href="WildMatch.html#d0e8378"/>
   </entry>
   <entry keyword="Uni.WordCount">
      <topic href="WordCount.html#d0e8460"/>
   </entry>
   <entry keyword="User">
      <topic href="User.html#d0e10613"/>
   </entry>
   <entry keyword="Util.CmdProcess">
      <topic href="CmdProcess.html#d0e11682"/>
   </entry>
   <entry keyword="Util.GetHostName">
      <topic href="GetHostName.html#d0e11559"/>
   </entry>
   <entry keyword="Util.GetUniqueInteger">
      <topic href="GetUniqueInteger.html#d0e11753"/>
   </entry>
   <entry keyword="Util.ResolveHostName">
      <topic href="ResolveHostName.html#d0e11621"/>
   </entry>
   <entry keyword="VerifyFile">
      <topic href="VerifyFile.html#d0e900"/>
   </entry>
   <entry keyword="WaitDfuWorkunit">
      <topic href="WaitDfuWorkunit.html#d0e5421"/>
   </entry>
   <entry keyword="WildMatch">
      <topic href="WildMatch.html#d0e8362"/>
   </entry>
   <entry keyword="Workunit.SetWorkunitAppValue">
      <topic href="SetWorkunitAppValue.html#d0e12602"/>
   </entry>
   <entry keyword="Workunit.WorkunitFilesRead">
      <topic href="WorkunitFilesRead.html#d0e12941"/>
   </entry>
   <entry keyword="Workunit.WorkunitFilesWritten">
      <topic href="WorkunitFilesWritten.html#d0e13000"/>
   </entry>
   <entry keyword="Workunit.WorkunitList">
      <topic href="WorkunitList.html#d0e12379"/>
   </entry>
   <entry keyword="Workunit.WorkunitMessages">
      <topic href="WorkunitMessages.html#d0e12882"/>
   </entry>
   <entry keyword="Workunit.WorkunitTimeStamps">
      <topic href="WorkunitTimeStamps.html#d0e12823"/>
   </entry>
   <entry keyword="Workunit.WorkunitTimings">
      <topic href="WorkunitTimings.html#d0e13059"/>
   </entry>
   <entry keyword="Workunit.WUIDdaysAgo">
      <topic href="WUIDdaysAgo.html#d0e12765"/>
   </entry>
   <entry keyword="Workunit.WUIDonDate">
      <topic href="WUIDonDate.html#d0e12686"/>
   </entry>
   <entry keyword="WorkunitFilesRead">
      <topic href="WorkunitFilesRead.html#d0e12945"/>
   </entry>
   <entry keyword="WorkunitFilesWritten">
      <topic href="WorkunitFilesWritten.html#d0e13004"/>
   </entry>
   <entry keyword="WorkunitList">
      <topic href="WorkunitList.html#d0e12383"/>
   </entry>
   <entry keyword="WorkunitMessages">
      <topic href="WorkunitMessages.html#d0e12886"/>
   </entry>
   <entry keyword="WorkunitTimeStamps">
      <topic href="WorkunitTimeStamps.html#d0e12827"/>
   </entry>
   <entry keyword="WorkunitTimings">
      <topic href="WorkunitTimings.html#d0e13063"/>
   </entry>
   <entry keyword="WUID">
      <topic href="WUID.html#d0e10471"/>
   </entry>
   <entry keyword="WUIDdaysAgo">
      <topic href="WUIDdaysAgo.html#d0e12769"/>
   </entry>
   <entry keyword="WUIDonDate">
      <topic href="WUIDonDate.html#d0e12690"/>
   </entry>
</index>